companey_name,address,companey_category,contact,website,detail_url,latitude,longitude,img_src,rating,reviews_count
Garden Inn Restaurant,"130/C, 130 Sadar Rd, Barishal",Restaurant,01711-368036,tel:01711368036,"https://www.google.com/maps/place/Garden+Inn+Restaurant/@22.7017108,90.3700496,17z/data=!3m1!4b1!4m6!3m5!1s0x37553408b4a48e5f:0xe461d959573ee14f!8m2!3d22.7017108!4d90.3700496!16s%2Fg%2F11gdy8bc9s?authuser=0&hl=en&entry=ttu",22.7017108,90.3700496,https://lh5.googleusercontent.com/p/AF1QipNc4D7u1of8jIKSK5Y_JhlxA93feX-GYGLzXwVR=w426-h240-k-no,3.8,528
The River Cafe,"Police Line Rd, Barishal 8200",Restaurant,01713-393416,tel:01713393416,"https://www.google.com/maps/place/The+River+Cafe/@22.695055,90.3655548,17z/data=!3m1!4b1!4m6!3m5!1s0x3755340dda6ff05b:0x46e1761c3452e515!8m2!3d22.695055!4d90.3655548!16s%2Fg%2F1tgg89yk?authuser=0&hl=en&entry=ttu",22.695055,90.3655548,https://lh5.googleusercontent.com/p/AF1QipNyBL_Oeya5jeFSw0borbQikkPTDYnU-4lgSrec=w408-h306-k-no,3.8,665
Zafran Restaurant Barishal,Barishal,Restaurant,01870-703070,tel:01870703070,"https://www.google.com/maps/place/Zafran+Restaurant+Barishal/@22.6805582,90.3496872,17z/data=!3m1!4b1!4m6!3m5!1s0x375535f9f5ee07cd:0x8e99419ea9eb7b6d!8m2!3d22.6805582!4d90.3496872!16s%2Fg%2F11j5fm515j?authuser=0&hl=en&entry=ttu",22.6805582,90.3496872,https://lh5.googleusercontent.com/p/AF1QipOVPw_EQmwgcw2ctlzXxrbCJ3LQHjtwurJgAAvn=w408-h544-k-no,4.0,710
HOT PLATE Restaurant,"8200 Police Line Rd, Barishal 8200",Restaurant,01790-441111,https://www.facebook.com/hotplatebd/,"https://www.google.com/maps/place/HOT+PLATE+Restaurant/@22.6970138,90.3680859,17z/data=!3m1!4b1!4m6!3m5!1s0x3755340e82fc17b3:0x4359b36325a84784!8m2!3d22.6970138!4d90.3680859!16s%2Fg%2F11cltgdkgh?authuser=0&hl=en&entry=ttu",22.6970138,90.3680859,https://lh5.googleusercontent.com/p/AF1QipPl2dYBQ1L26WZkRX8hzRJ-8Wg32CdkeFKIbGcV=w426-h240-k-no,3.9,"1,189"
BFG Restaurant,"M9W9+VFJ, Police Line Rd, Barishal 8200",Restaurant,01718-341558,tel:01718341558,"https://www.google.com/maps/place/BFG+Restaurant/@22.697222,90.3686388,17z/data=!3m1!4b1!4m6!3m5!1s0x3755340e9eb32b25:0x1fb88f8a0da463a8!8m2!3d22.697222!4d90.3686388!16s%2Fg%2F11r8qll_w?authuser=0&hl=en&entry=ttu",22.697222,90.3686388,https://lh5.googleusercontent.com/p/AF1QipO66_fyx5mx0krYavxAuNEG_OzzDdsASRCYdg0y=w426-h240-k-no,4.0,527
Tawa Restaurant & Bakery,"C & B Road, 1178 Choumatha, Barishal 8200",Restaurant,01971-868292,https://www.foodpanda.com.bd/restaurant/jv9z/tawa-restaurant?utm_source=google&utm_medium=organic&utm_campaign=google_reserve_place_order_action,"https://www.google.com/maps/place/Tawa+Restaurant+%26+Bakery/@22.6988263,90.353743,17z/data=!3m1!4b1!4m6!3m5!1s0x3755343c553d17a9:0xf09acd4c67de8263!8m2!3d22.6988263!4d90.353743!16s%2Fg%2F11f0kqdk5z?authuser=0&hl=en&entry=ttu",22.6988263,90.353743,https://lh5.googleusercontent.com/p/AF1QipP5dGGe9MQSE-qqNyARzwrLypr1p08nUgR9MTD6=w408-h272-k-no,4.0,"1,326"
South King Chinese Restaurant,"M9WC+8C5, Band Rd, Barishal 8200",Chinese restaurant,01711-358915,http://www.bdfoodnavi.com/detail/691#tabs-1,"https://www.google.com/maps/place/South+King+Chinese+Restaurant/@22.6957735,90.3710997,17z/data=!3m1!4b1!4m6!3m5!1s0x3755340bc26c6545:0x194a2ac7d8aa8622!8m2!3d22.6957735!4d90.3710997!16s%2Fg%2F1hdz1lqz5?authuser=0&hl=en&entry=ttu",22.6957735,90.3710997,https://lh5.googleusercontent.com/p/AF1QipP2K3qtA9r_R3OsGraWGDKQOdmsXJREGRmqtDG_=w470-h240-k-no,3.7,353
Barishal King Restaurant,"835 C and B Rd, Barishal 8200",Restaurant,01904-126881,https://www.foodpanda.com.bd/restaurant/q7lo/barishal-king-restaurant?utm_source=google&utm_medium=organic&utm_campaign=google_reserve_place_order_action,"https://www.google.com/maps/place/Barishal+King+Restaurant/@22.6930815,90.3546039,17z/data=!3m1!4b1!4m6!3m5!1s0x375535090f25835b:0x92f12c1f0625c82!8m2!3d22.6930815!4d90.3546039!16s%2Fg%2F11r1925s9p?authuser=0&hl=en&entry=ttu",22.6930815,90.3546039,https://lh5.googleusercontent.com/p/AF1QipNu0FFG3YErcCV5kkqjcxOVGphOy8LZQfr0ve2T=w408-h306-k-no,4.1,259
Lake View Restaurant,"Choumatha Lake, C and B Rd, Barishal 8200",Restaurant,01972-515212,tel:01972515212,"https://www.google.com/maps/place/Lake+View+Restaurant/@22.7014771,90.3527781,17z/data=!3m1!4b1!4m6!3m5!1s0x3755343ce51088a5:0x24516d9a765ed86d!8m2!3d22.7014771!4d90.3527781!16s%2Fg%2F11c5wlq746?authuser=0&hl=en&entry=ttu",22.7014771,90.3527781,https://lh5.googleusercontent.com/p/AF1QipP-L9TDrUPVaAMpbRq7BtcvES6OqdAP86Ad4yea=w408-h306-k-no,3.9,888
Shawarma House Restaurant,"P924+FV9, M.A Jolil Sarok.Korim kuti, 8200",Restaurant,01734-476966,https://www.foodpanda.com.bd/restaurant/u2au/shawarama-house-barisal?utm_source=google&utm_medium=organic&utm_campaign=google_reserve_place_order_action,"https://www.google.com/maps/place/Shawarma+House+Restaurant/@22.7011693,90.3572253,17z/data=!3m1!4b1!4m6!3m5!1s0x375535b3d80ec171:0x993fb946f3568b88!8m2!3d22.7011693!4d90.3572253!16s%2Fg%2F11g9qkq72t?authuser=0&hl=en&entry=ttu",22.7011693,90.3572253,https://lh5.googleusercontent.com/p/AF1QipNriqM3z5-cc5e87hsbf13pt3Y_DfWuYg6qRI0h=w408-h306-k-no,3.7,516
Silver Spoon Chinese Restaurant,"N Hossain Complex, 1st Floor, 416 Police Line Rd, Barishal",Restaurant,01726-734555,tel:01726734555,"https://www.google.com/maps/place/Silver+Spoon+Chinese+Restaurant/@22.6967851,90.3675564,17z/data=!3m1!4b1!4m6!3m5!1s0x3755340dd4e11c4d:0x849af33469e46f96!8m2!3d22.6967851!4d90.3675564!16s%2Fg%2F11bw46bj90?authuser=0&hl=en&entry=ttu",22.6967851,90.3675564,https://lh5.googleusercontent.com/p/AF1QipNsIXz4wnz_wnhBGJKXEY5P2iJHuaW840idmXBa=w408-h306-k-no,3.7,216
Food King,"Major M A Jalil Rd, Barishal",Restaurant,01997-596499,https://www.foodpanda.com.bd/restaurant/t9oh/food-king-barisal?utm_source=google&utm_medium=organic&utm_campaign=google_reserve_place_order_action,"https://www.google.com/maps/place/Food+King/@22.701483,90.362208,17z/data=!3m1!4b1!4m6!3m5!1s0x37553417354f1117:0x45e25a60d50613fa!8m2!3d22.701483!4d90.362208!16s%2Fg%2F11g8nz7mfy?authuser=0&hl=en&entry=ttu",22.701483,90.362208,https://lh5.googleusercontent.com/p/AF1QipM1kmbxzS5CDEQEhIsj-2gmHR_W0SRMr1kIxLh3=w408-h576-k-no,3.9,"1,074"
Muslim Sweet and Restaurant,"P923+GCR, Bhanga-Barisal Hwy, Barishal",Family restaurant,01754-154225,https://www.foodpanda.com.bd/restaurant/xi09/muslim-sweet-and-restaurant?utm_source=google&utm_medium=organic&utm_campaign=google_reserve_place_order_action,"https://www.google.com/maps/place/Muslim+Sweet+and+Restaurant/@22.7013633,90.3535245,17z/data=!3m1!4b1!4m6!3m5!1s0x3755353231752ead:0xdad9c20a29ad93da!8m2!3d22.7013633!4d90.3535245!16s%2Fg%2F11qpk4vd7y?authuser=0&hl=en&entry=ttu",22.7013633,90.3535245,https://lh5.googleusercontent.com/p/AF1QipOAUKe2tatC9ncyXuS4bJu6s7TBCN5ky2e21UkJ=w408-h303-k-no,3.9,101
Handi Korai,"Sadar Rd, Barishal 8200",Restaurant,01796-333222,tel:01796333222,"https://www.google.com/maps/place/Handi+Korai/@22.7006763,90.3697653,17z/data=!3m1!4b1!4m6!3m5!1s0x3755340f32407caf:0xee596448e1182cba!8m2!3d22.7006763!4d90.3697653!16s%2Fg%2F11c7swtff5?authuser=0&hl=en&entry=ttu",22.7006763,90.3697653,https://lh5.googleusercontent.com/p/AF1QipMSRMpmDAuTMrUUwXQyFO96AdN3n8sE8gtHNW8h=w408-h306-k-no,3.8,750
Hungry Bird,"P926+F5G, Major M A Jalil Rd, Barishal",Restaurant,01312-250257,https://www.foodpanda.com.bd/restaurant/t4fr/hungry-birds?utm_source=google&utm_medium=organic&utm_campaign=google_reserve_place_order_action,"https://www.google.com/maps/place/Hungry+Bird/@22.7011819,90.3604477,17z/data=!3m1!4b1!4m6!3m5!1s0x3755356ca1c526e5:0x41dee51c540af767!8m2!3d22.7011819!4d90.3604477!16s%2Fg%2F11pk9vwkfh?authuser=0&hl=en&entry=ttu",22.7011819,90.3604477,https://lh5.googleusercontent.com/p/AF1QipPJF8BkOec_BBT0TQ5BZTEVyM7o3uCIi2jDG23J=w408-h378-k-no,4.3,72
Nazem's,"P938+WH4, Bogra Rd, Barishal",Restaurant,01712-831931,tel:01712831931,"https://www.google.com/maps/place/Nazem's/@22.7047594,90.3664404,17z/data=!3m1!4b1!4m6!3m5!1s0x375534053e5dea73:0x13f9c03ddf1b1976!8m2!3d22.7047594!4d90.3664404!16s%2Fg%2F11hbv8my3l?authuser=0&hl=en&entry=ttu",22.7047594,90.3664404,https://lh5.googleusercontent.com/p/AF1QipNo76r1Jvnti4o8TzTBo1P-icRmRyhPkRBTuaJ2=w426-h240-k-no,4.1,972
The mughal's kacchi & kabab,"Police Line Rd, Barishal",Restaurant,01912-048764,https://the-mughals-kacchi-kabab.business.site/?utm_source=gmb&utm_medium=referral,"https://www.google.com/maps/place/The+mughal's+kacchi+%26+kabab/@22.6972446,90.3687896,17z/data=!3m1!4b1!4m6!3m5!1s0x37553543555f5bf5:0x2df142fe0c604443!8m2!3d22.6972446!4d90.3687896!16s%2Fg%2F11kx9pm8_m?authuser=0&hl=en&entry=ttu",22.6972446,90.3687896,https://lh5.googleusercontent.com/p/AF1QipOBKw5J9_Wg6TjWbd0uDpSWbXGOQp2Pqm_Lerk=w533-h240-k-no,4.2,52
HumaHum Restaurant,"Bus Stand, Barishal 8207",Restaurant,01712-165444,http://humahum.com/,"https://www.google.com/maps/place/HumaHum+Restaurant/@22.6785873,90.3464839,17z/data=!3m1!4b1!4m6!3m5!1s0x3755352dc38b71c3:0x81e4c64060900cab!8m2!3d22.6785873!4d90.3464839!16s%2Fg%2F11rhxkp9f6?authuser=0&hl=en&entry=ttu",22.6785873,90.3464839,https://lh5.googleusercontent.com/p/AF1QipN5yUUd-GvlOiwqymTUXpIAvZkYg0G2J_VWE2Au=w408-h307-k-no,4.0,503
Cafe Star,"P928+R36, Gora Chand Das Rd, Barishal 8200",Restaurant,01716-129868,https://www.foodpanda.com.bd/restaurant/t7hg/cafe-star?utm_source=google&utm_medium=organic&utm_campaign=google_reserve_place_order_action,"https://www.google.com/maps/place/Cafe+Star/@22.7020375,90.3649532,17z/data=!3m1!4b1!4m6!3m5!1s0x3755341735c85bd1:0x84c3c48d29be31d3!8m2!3d22.7020375!4d90.3649532!16s%2Fg%2F11c0p_yv5_?authuser=0&hl=en&entry=ttu",22.7020375,90.3649532,https://lh5.googleusercontent.com/p/AF1QipNCR_TlkWydh1_260egC7qHXgfqlb1SPHaOmezG=w427-h240-k-no,3.9,"1,225"
5S Garden Restora,"Sadar Rd, Barishal 8200",Restaurant,01322-819950,tel:01322819950,"https://www.google.com/maps/place/5S+Garden+Restora/@22.7012164,90.3699845,17z/data=!3m1!4b1!4m6!3m5!1s0x3755357539b38287:0x5b8201c2596a9715!8m2!3d22.7012164!4d90.3699845!16s%2Fg%2F11t2xgx5m0?authuser=0&hl=en&entry=ttu",22.7012164,90.3699845,https://lh5.googleusercontent.com/p/AF1QipNZqshBmumjaiChUgjlpfqc0YkGjbYYfR3G7613=w408-h306-k-no,4.1,67
বার্গার হাউস,"BM College Rd, Barishal",Fast food restaurant,01725-697541,tel:01725697541,"https://www.google.com/maps/place/%E0%A6%AC%E0%A6%BE%E0%A6%B0%E0%A7%8D%E0%A6%97%E0%A6%BE%E0%A6%B0+%E0%A6%B9%E0%A6%BE%E0%A6%89%E0%A6%B8/@22.7129987,90.3531096,17z/data=!3m1!4b1!4m6!3m5!1s0x37553420f20e8e99:0x3eb5bd7da4e639e8!8m2!3d22.7129987!4d90.3531096!16s%2Fg%2F11bytf3hr3?authuser=0&hl=en&entry=ttu",22.7129987,90.3531096,https://lh5.googleusercontent.com/p/AF1QipPnLJcsK9Dmr4UzV9IlE7OFGwyq3UaQa39ksy_O=w426-h240-k-no,3.7,202
Lobster Restaurant & Convention Hall,"DN Tower, Barishal 8207",Restaurant,01711-706079,https://www.foodpanda.com.bd/restaurant/uzun/lobster-restaurant-and-convention-hall?utm_source=google&utm_medium=organic&utm_campaign=google_reserve_place_order_action,"https://www.google.com/maps/place/Lobster+Restaurant+%26+Convention+Hall/@22.6804277,90.3493288,17z/data=!3m1!4b1!4m6!3m5!1s0x37553595bd89dba5:0xdc8ed9b4c2f26cc8!8m2!3d22.6804277!4d90.3493288!16s%2Fg%2F11sc1qmcxj?authuser=0&hl=en&entry=ttu",22.6804277,90.3493288,https://lh5.googleusercontent.com/p/AF1QipNVMadGtR0C3EYHOemzqv4PzGSeVBm_66l7bchw=w408-h306-k-no,4.0,47
Hotel Ghorowa & Restaurant,"P93F+QGG, Chowk Bazar Rd, Barishal 8200",Restaurant,01728-328925,tel:01728328925,"https://www.google.com/maps/place/Hotel+Ghorowa+%26+Restaurant/@22.7044277,90.3738384,17z/data=!3m1!4b1!4m6!3m5!1s0x375534079552ea13:0x79bfc797e70c575!8m2!3d22.7044277!4d90.3738384!16s%2Fg%2F11c2pc0tmz?authuser=0&hl=en&entry=ttu",22.7044277,90.3738384,https://lh5.googleusercontent.com/p/AF1QipPL26ySbrD_iAbIgMH-lO-SxauE9AZC3Peo2QQz=w408-h544-k-no,4.0,629
Big Chef,"Major M A Jalil Rd, Barishal",Restaurant,01748-419187,tel:01748419187,"https://www.google.com/maps/place/Big+Chef/@22.7014121,90.3603263,17z/data=!3m1!4b1!4m6!3m5!1s0x375535b42d3df661:0x42669ceefa14620b!8m2!3d22.7014121!4d90.3603263!16s%2Fg%2F11k6fvz38_?authuser=0&hl=en&entry=ttu",22.7014121,90.3603263,https://lh5.googleusercontent.com/p/AF1QipP52EWpmVi8B_KxtYIFskQPJV1mzhAuo5MKYRT0=w408-h306-k-no,4.0,248
Barishal Gate The Restaurant,"210, arafat house, Kali Bari Rd, Barishal",Restaurant,01777-921222,tel:01777921222,"https://www.google.com/maps/place/Barishal+Gate+The+Restaurant/@22.7077087,90.3665606,17z/data=!3m1!4b1!4m6!3m5!1s0x375535fb26664515:0xcc36ad1fcae75224!8m2!3d22.7077087!4d90.3665606!16s%2Fg%2F11fm49z2tk?authuser=0&hl=en&entry=ttu",22.7077087,90.3665606,https://lh5.googleusercontent.com/p/AF1QipNg5kxw19LFqf8APFDGeYmY_zQr6ZsogbNsvtRp=w408-h306-k-no,3.6,85
মাটির সাঁজ,"Taltoli Bridge, SIDE OF, Barishal 8200",Restaurant,01608-208080,https://restaurant-101862.business.site/?utm_source=gmb&utm_medium=referral,"https://www.google.com/maps/place/%E0%A6%AE%E0%A6%BE%E0%A6%9F%E0%A6%BF%E0%A6%B0+%E0%A6%B8%E0%A6%BE%E0%A6%81%E0%A6%9C/@22.7427251,90.3773869,17z/data=!3m1!4b1!4m6!3m5!1s0x375531419fd9f9f5:0x51a583c2246eb540!8m2!3d22.7427251!4d90.3773869!16s%2Fg%2F11nmnrtfxc?authuser=0&hl=en&entry=ttu",22.7427251,90.3773869,https://lh5.googleusercontent.com/p/AF1QipPX7yQigU6w8dTCN3rnTKZqgHZSZ-UXR_tCpxj7=w546-h240-k-no,4.0,364
Arabella Barishal,"Mitali Bhaban, 121 Nobogram Rd, Barishal 8200",Barbecue restaurant,01716-424777,tel:01716424777,"https://www.google.com/maps/place/Arabella+Barishal/@22.7011084,90.3528081,17z/data=!3m1!4b1!4m6!3m5!1s0x3755359e405fb3cf:0xe3bae364b891a0c6!8m2!3d22.7011084!4d90.3528081!16s%2Fg%2F11s0g5sq30?authuser=0&hl=en&entry=ttu",22.7011084,90.3528081,https://lh5.googleusercontent.com/p/AF1QipOsQJ19v87zcW23jqYoUyAaref6qLfic9O8kSry=w408-h306-k-no,4.2,252
Food Club Barisal,"Bogra Rd, Barishal",Fast food restaurant,01726-121313,https://www.foodpanda.com.bd/restaurant/t4xq/food-club-t4xq?utm_source=google&utm_medium=organic&utm_campaign=google_reserve_place_order_action,"https://www.google.com/maps/place/Food+Club+Barisal/@22.7038392,90.3677081,17z/data=!3m1!4b1!4m6!3m5!1s0x3755340577c809e5:0x90b2734c45f24a15!8m2!3d22.7038392!4d90.3677081!16s%2Fg%2F11c20w46t6?authuser=0&hl=en&entry=ttu",22.7038392,90.3677081,https://lh5.googleusercontent.com/p/AF1QipOVU_OPJty-RHh-kDNgg5xIQ9Hbyt9TVeIAmsig=w408-h306-k-no,3.8,185
খাবার বাড়ি রেস্তোরাঁ অ্যান্ড সুইটমিট (Khabar Bari Restaurant and Sweetmeats),"M8HW+GPJ, Barishal",Restaurant,01302-893379,tel:01302893379,"https://www.google.com/maps/place/%E0%A6%96%E0%A6%BE%E0%A6%AC%E0%A6%BE%E0%A6%B0+%E0%A6%AC%E0%A6%BE%E0%A6%A1%E0%A6%BC%E0%A6%BF+%E0%A6%B0%E0%A7%87%E0%A6%B8%E0%A7%8D%E0%A6%A4%E0%A7%8B%E0%A6%B0%E0%A6%BE%E0%A6%81+%E0%A6%85%E0%A7%8D%E0%A6%AF%E0%A6%BE%E0%A6%A8%E0%A7%8D%E0%A6%A1+%E0%A6%B8%E0%A7%81%E0%A6%87%E0%A6%9F%E0%A6%AE%E0%A6%BF%E0%A6%9F+(Khabar+Bari+Restaurant+and+Sweetmeats)/@22.6788396,90.3467811,17z/data=!3m1!4b1!4m6!3m5!1s0x37553570503f96b3:0xe467b8845047d064!8m2!3d22.6788396!4d90.3467811!16s%2Fg%2F11h6lr8cy2?authuser=0&hl=en&entry=ttu",22.6788396,90.3467811,https://lh5.googleusercontent.com/p/AF1QipM3RsN-Xuwq3w18sslMWb3Bm4bZ7VvNLO95V0Hu=w408-h306-k-no,3.9,629
Changpai Chinese Restaurant,"P923+GGQ, Major M A Jalil Rd, Barishal",Restaurant,01319-820814,https://www.foodpanda.com.bd/restaurant/t6qr/changpei-chinese-restaurant?utm_source=google&utm_medium=organic&utm_campaign=google_reserve_place_order_action,"https://www.google.com/maps/place/Changpai+Chinese+Restaurant/@22.7013293,90.3538581,17z/data=!3m1!4b1!4m6!3m5!1s0x3755343d1e457e53:0x5ef7de49c2a5bc06!8m2!3d22.7013293!4d90.3538581!16s%2Fg%2F11bwfl7q1t?authuser=0&hl=en&entry=ttu",22.7013293,90.3538581,https://lh5.googleusercontent.com/p/AF1QipPaa51uncuXUO2yZKSTcx31-AXVUrtik2AM9WkG=w426-h240-k-no,3.7,93
Spice & More,"Bogra Rd, Barishal",Restaurant,01788-092271,https://www.foodpanda.com.bd/restaurant/vbe4/spice-and-more-restaurant-and-cafe?utm_source=google&utm_medium=organic&utm_campaign=google_reserve_place_order_action,"https://www.google.com/maps/place/Spice+%26+More/@22.7049524,90.3643124,17z/data=!3m1!4b1!4m6!3m5!1s0x3755358fdbf092af:0x9d027d45014cb08a!8m2!3d22.7049524!4d90.3643124!16s%2Fg%2F11sh0591n4?authuser=0&hl=en&entry=ttu",22.7049524,90.3643124,https://lh5.googleusercontent.com/p/AF1QipOkprV4EcibtvEOyt8h6qJWKbGfpb9c6ZZNi54M=w408-h544-k-no,4.2,173
Allhardan Restaurant,"P8CQ+W8H, barisal nathullabad busterminal, Barishal",Restaurant,01731-912501,tel:01731912501,"https://www.google.com/maps/place/Allhardan+Restaurant/@22.7223051,90.3383647,17z/data=!3m1!4b1!4m6!3m5!1s0x37553751709a5ca1:0x3fa6e5354faa246c!8m2!3d22.7223051!4d90.3383647!16s%2Fg%2F11fkcpt_2x?authuser=0&hl=en&entry=ttu",22.7223051,90.3383647,https://lh5.googleusercontent.com/p/AF1QipOnqedInwiVFNChasRaqQ4-ooOkA0q34fSfCSat=w408-h408-k-no, , 
Sultani Dine,"P966+M5X, BM College Rd, Barishal",Restaurant,01304-196079,tel:01304196079,"https://www.google.com/maps/place/Sultani+Dine/@22.7117254,90.3604705,17z/data=!3m1!4b1!4m6!3m5!1s0x3755351741633baf:0x90afe7c34c3a5545!8m2!3d22.7117254!4d90.3604705!16s%2Fg%2F11fsp1xm5f?authuser=0&hl=en&entry=ttu",22.7117254,90.3604705,https://lh5.googleusercontent.com/p/AF1QipOMoFScw7ugf5xVmDvbV-SKFW3bXFoAlOT1JINm=w408-h306-k-no,3.8,112
কাঁটাচামচ চাইনিজ রেস্টুরেন্ট,Barishal 8200,Chinese restaurant,01326-269599,https://www.facebook.com/katachamochchineseresturant,"https://www.google.com/maps/place/%E0%A6%95%E0%A6%BE%E0%A6%81%E0%A6%9F%E0%A6%BE%E0%A6%9A%E0%A6%BE%E0%A6%AE%E0%A6%9A+%E0%A6%9A%E0%A6%BE%E0%A6%87%E0%A6%A8%E0%A6%BF%E0%A6%9C+%E0%A6%B0%E0%A7%87%E0%A6%B8%E0%A7%8D%E0%A6%9F%E0%A7%81%E0%A6%B0%E0%A7%87%E0%A6%A8%E0%A7%8D%E0%A6%9F/@22.7443801,90.388284,17z/data=!3m1!4b1!4m6!3m5!1s0x37553174a2bacbf3:0xc2f40ba2f5144182!8m2!3d22.7443801!4d90.388284!16s%2Fg%2F11k3xc05ry?authuser=0&hl=en&entry=ttu",22.7443801,90.388284,https://lh5.googleusercontent.com/p/AF1QipMUXh_tcJ2c5E8cGotKz8iRzy6e-ZMsafcWJuTc=w408-h544-k-no,4.2,166
The South Cafe,"Police Line Rd, Barishal",Restaurant,01712-526563,tel:01712526563,"https://www.google.com/maps/place/The+South+Cafe/@22.6949284,90.3653843,17z/data=!3m1!4b1!4m6!3m5!1s0x375535c7251e1667:0xb798d1c6707a9fd9!8m2!3d22.6949284!4d90.3653843!16s%2Fg%2F11jwb4nxl0?authuser=0&hl=en&entry=ttu",22.6949284,90.3653843,https://lh5.googleusercontent.com/p/AF1QipOF3slr_WuM4jnMjvc5U4J-empfGsbrw5NlILxS=w408-h306-k-no,3.1,17
Cinnamon,"SP Market, Police Line Rd, Barishal 8200",Chinese restaurant,01764-641190,https://www.facebook.com/Cinnamon.8859?mibextid=LQQJ4d,"https://www.google.com/maps/place/Cinnamon/@22.6959482,90.3668958,17z/data=!3m1!4b1!4m6!3m5!1s0x37553519bf2d1b9b:0x4ec2a8e06b3040c4!8m2!3d22.6959482!4d90.3668958!16s%2Fg%2F11sv6wgbhk?authuser=0&hl=en&entry=ttu",22.6959482,90.3668958,https://lh5.googleusercontent.com/p/AF1QipMzLkqWfBME4dlP70SDOkNalZYDeTSodlFe_Fna=w408-h306-k-no,4.1,72
Cafe Anaaya,"Police Line Rd, Barishal 8200",Restaurant,01911-159573,tel:01911159573,"https://www.google.com/maps/place/Cafe+Anaaya/@22.6954672,90.3660625,17z/data=!3m1!4b1!4m6!3m5!1s0x3755340ded5b1581:0x5ffccf1df6982954!8m2!3d22.6954672!4d90.3660625!16s%2Fg%2F11c54bj20h?authuser=0&hl=en&entry=ttu",22.6954672,90.3660625,https://lh5.googleusercontent.com/p/AF1QipMMdI9A52GsuZowHkEEIMjTHOLLsSy9s15F-gAi=w426-h240-k-no,3.7,39
কস্তুরী রেঁস্তোরা,"Natullah Badth Bus Stand, 8200 BM College Rd, Barishal",Family restaurant, , ,"https://www.google.com/maps/place/%E0%A6%95%E0%A6%B8%E0%A7%8D%E0%A6%A4%E0%A7%81%E0%A6%B0%E0%A7%80+%E0%A6%B0%E0%A7%87%E0%A6%81%E0%A6%B8%E0%A7%8D%E0%A6%A4%E0%A7%8B%E0%A6%B0%E0%A6%BE/@22.7140853,90.3491562,17z/data=!3m1!4b1!4m6!3m5!1s0x37553560aeb432af:0x733184946948b0be!8m2!3d22.7140853!4d90.3491562!16s%2Fg%2F11pplj5bh7?authuser=0&hl=en&entry=ttu",22.7140853,90.3491562,https://lh5.googleusercontent.com/p/AF1QipNWOtCJbXWrRHDpSEnaXQLea5uW1QHb1Z9-pwuJ=w408-h307-k-no,4.2,6
মেজবান হোটেল এন্ড রেস্তোরাঁ,Barishal,Restaurant,01772-291443,tel:01772291443,"https://www.google.com/maps/place/%E0%A6%AE%E0%A7%87%E0%A6%9C%E0%A6%AC%E0%A6%BE%E0%A6%A8+%E0%A6%B9%E0%A7%8B%E0%A6%9F%E0%A7%87%E0%A6%B2+%E0%A6%8F%E0%A6%A8%E0%A7%8D%E0%A6%A1+%E0%A6%B0%E0%A7%87%E0%A6%B8%E0%A7%8D%E0%A6%A4%E0%A7%8B%E0%A6%B0%E0%A6%BE%E0%A6%81/@22.7142167,90.3494635,17z/data=!3m1!4b1!4m6!3m5!1s0x375535774f4e1f45:0x20cd06250555ef98!8m2!3d22.7142167!4d90.3494635!16s%2Fg%2F11r0r11cbp?authuser=0&hl=en&entry=ttu",22.7142167,90.3494635,https://lh5.googleusercontent.com/p/AF1QipOnJBJkm1sGiC9lc_wAIHUkkS81ZGQKqc81dbOX=w408-h544-k-no,4.0,25
Lunch box,"Bhanga-Barisal Hwy, Barishal",Restaurant,01976-162637,tel:01976162637,"https://www.google.com/maps/place/Lunch+box/@22.695182,90.3540634,17z/data=!3m1!4b1!4m6!3m5!1s0x3755358e93c452d5:0x50f47cfb4629d6bc!8m2!3d22.695182!4d90.3540634!16s%2Fg%2F11r17tkctj?authuser=0&hl=en&entry=ttu",22.695182,90.3540634,https://streetviewpixels-pa.googleapis.com/v1/thumbnail?panoid=ZF0CNvSUrXOBMk0UqpjFhA&cb_client=search.gws-prod.gps&w=408&h=240&yaw=93.837&pitch=0&thumbfov=100,4.0,1
Allah'r Dan Bombai Shingara Point,"P923+G8R, Bhanga-Barisal Hwy, Barishal",Restaurant,01889-539729,https://www.foodpanda.com.bd/restaurant/jyel/allahr-dan-bombai-shingara-point-barisal?utm_source=google&utm_medium=organic&utm_campaign=google_reserve_place_order_action,"https://www.google.com/maps/place/Allah'r+Dan+Bombai+Shingara+Point/@22.7013668,90.35328,17z/data=!3m1!4b1!4m6!3m5!1s0x375535fbf52cc045:0x6f76db3aafcfd2b3!8m2!3d22.7013668!4d90.35328!16s%2Fg%2F11my8vwdpr?authuser=0&hl=en&entry=ttu",22.7013668,90.35328,https://streetviewpixels-pa.googleapis.com/v1/thumbnail?panoid=biW9s2T_3CPXhKaOnb4tWQ&cb_client=search.gws-prod.gps&w=408&h=240&yaw=243.57504&pitch=0&thumbfov=100,5.0,1
Pizza Company,"BOTTOLA Major M A Jalil Rd, Barisal 8200",Pizza restaurant,01400-426610,https://www.foodpanda.com.bd/restaurant/xhb9/pizza-company?utm_source=google&utm_medium=organic&utm_campaign=google_reserve_place_order_action,"https://www.google.com/maps/place/Pizza+Company/@22.7015742,90.3619647,17z/data=!3m1!4b1!4m6!3m5!1s0x3755359d42a59d47:0xd01910974ef3ba71!8m2!3d22.7015742!4d90.3619647!16s%2Fg%2F11smcmktgn?authuser=0&hl=en&entry=ttu",22.7015742,90.3619647,https://lh5.googleusercontent.com/p/AF1QipP9UzfdtUl6RsNvus6P4VrkI_8IS5gpd40SSZio=w408-h544-k-no,4.0,227
Bangali Hotel And Restura,"C and B Rd, Near Natullahbad Bus Stand, Barishal",Bangladeshi restaurant,01312-686816,tel:01312686816,"https://www.google.com/maps/place/Bangali+Hotel+And+Restura/@22.7139671,90.3491274,17z/data=!3m1!4b1!4m6!3m5!1s0x375534277742386b:0xe964028930e4fd95!8m2!3d22.7139671!4d90.3491274!16s%2Fg%2F11gfp0snwx?authuser=0&hl=en&entry=ttu",22.7139671,90.3491274,https://lh5.googleusercontent.com/p/AF1QipOVcvBVQzRsWJFLZoMzI1NW7lUjBX7U8zO4oKNZ=w408-h544-k-no,3.6,193
গরীবে নেওয়াজ খাবার হোটেল,"নগর প্লাজা, A-3/3 Rupatali Housing, Barishal",Restaurant,01753-624123,tel:01753624123,"https://www.google.com/maps/place/%E0%A6%97%E0%A6%B0%E0%A7%80%E0%A6%AC%E0%A7%87+%E0%A6%A8%E0%A7%87%E0%A6%93%E0%A7%9F%E0%A6%BE%E0%A6%9C+%E0%A6%96%E0%A6%BE%E0%A6%AC%E0%A6%BE%E0%A6%B0+%E0%A6%B9%E0%A7%8B%E0%A6%9F%E0%A7%87%E0%A6%B2/@22.6785783,90.3475696,17z/data=!3m1!4b1!4m6!3m5!1s0x375535d7492b3c75:0xf73057cd0672d310!8m2!3d22.6785783!4d90.3475696!16s%2Fg%2F11sx5xsdnn?authuser=0&hl=en&entry=ttu",22.6785783,90.3475696,https://lh5.googleusercontent.com/p/AF1QipMGajulYIEul-_8YhpV080WaouLEHcBwx-qIk1y=w408-h306-k-no,4.5,2
রাই কিচেন,"Katpotti Rd, Barishal",Vegetarian restaurant,01792-473133,https://www.foodpanda.com.bd/restaurant/t1zy/rai-kitchen-barisal?utm_source=google&utm_medium=organic&utm_campaign=google_reserve_place_order_action,"https://www.google.com/maps/place/%E0%A6%B0%E0%A6%BE%E0%A6%87+%E0%A6%95%E0%A6%BF%E0%A6%9A%E0%A7%87%E0%A6%A8/@22.7048609,90.3726052,17z/data=!3m1!4b1!4m6!3m5!1s0x375535eee18f19c3:0xc46bbaea269ecfab!8m2!3d22.7048609!4d90.3726052!16s%2Fg%2F11p66vntrh?authuser=0&hl=en&entry=ttu",22.7048609,90.3726052,https://lh5.googleusercontent.com/p/AF1QipNW6fujGEJZdiTZTHYDT4YvgEKDPCF9VFWIKIyN=w408-h306-k-no,4.1,22
Cafe Movida,"Gora Chand Das Rd, Barishal 8200",Chinese restaurant,01755-558077,https://www.facebook.com/102957675565129/posts/pfbid02kj2gGti2nJzQiygLAecrFoTjTVMCnejxUX6qby1w4CVynDXY1WBXDPvYo37jJTgJl/,"https://www.google.com/maps/place/Cafe+Movida/@22.7013156,90.3654567,17z/data=!3m1!4b1!4m6!3m5!1s0x375535f839c91e83:0xb011cc6871dcb4f1!8m2!3d22.7013156!4d90.3654567!16s%2Fg%2F11rk7dypy1?authuser=0&hl=en&entry=ttu",22.7013156,90.3654567,https://lh5.googleusercontent.com/p/AF1QipOztogRc6hFeSM_Z5l6dF_nDD6RwXTVn_nY3X32=w408-h253-k-no,4.1,183
Dream kitchen Barisal,"107,Notullabad, Shahid Zia Sharak, Barishal 8200",Chicken restaurant,01307-143234,tel:01307143234,"https://www.google.com/maps/place/Dream+kitchen+Barisal/@22.7129946,90.3494604,17z/data=!3m1!4b1!4m6!3m5!1s0x375535ac69632dd7:0x4befde5b8c686760!8m2!3d22.7129946!4d90.3494604!16s%2Fg%2F11rj4qp0n8?authuser=0&hl=en&entry=ttu",22.7129946,90.3494604,https://lh5.googleusercontent.com/p/AF1QipN2Z2ThZzTyOWEVr6beXPEj0BkHe78Q8PZcQITL=w408-h306-k-no,5.0,2
Monihar Hotel and Restaurant,"P978+23, Barisal",Family restaurant, , ,"https://www.google.com/maps/place/Monihar+Hotel+and+Restaurant/@22.7126975,90.3652636,17z/data=!3m1!4b1!4m6!3m5!1s0x37553535273c5cab:0xeb18167cff4f08b2!8m2!3d22.7126975!4d90.3652636!16s%2Fg%2F11s0k9rnbx?authuser=0&hl=en&entry=ttu",22.7126975,90.3652636,https://streetviewpixels-pa.googleapis.com/v1/thumbnail?panoid=GnDvLW3CwDMddN5FcgvnvQ&cb_client=search.gws-prod.gps&w=408&h=240&yaw=13.322403&pitch=0&thumbfov=100,5.0,1
CHAD MIA AR HOTEL.,"P994+R6V, Shadhur Bat Tola, Barisal, 8200",Family restaurant,01620-159080,tel:01620159080,"https://www.google.com/maps/place/CHAD+MIA+AR+HOTEL./@22.7196006,90.3555505,17z/data=!3m1!4b1!4m6!3m5!1s0x3755374f2c66ce25:0xce02e61fa3f7df98!8m2!3d22.7196006!4d90.3555505!16s%2Fg%2F11qpjchpqn?authuser=0&hl=en&entry=ttu",22.7196006,90.3555505,https://lh5.googleusercontent.com/p/AF1QipMUIcRcmHsZ0M_KjztZTgg3q-ct8OenxQ3M63cT=w408-h709-k-no,5.0,4
Hungry Time-2,"P938+658, Unnamed Road, Barishal",Restaurant, , ,"https://www.google.com/maps/place/Hungry+Time-2/@22.703031,90.36546,17z/data=!3m1!4b1!4m6!3m5!1s0x375535ac8925a435:0x43fb28099eb3966f!8m2!3d22.703031!4d90.36546!16s%2Fg%2F11hmrbr4v_?authuser=0&hl=en&entry=ttu",22.703031,90.36546,https://lh5.googleusercontent.com/p/AF1QipP6cQZIr8UXatT0VMHSf1c141IVR9JQ9xowq7nB=w408-h544-k-no,3.3,12
চুইঝাল রেস্টুরেন্ট,"P964+XVF, BM College Rd, Barishal",Family restaurant, , ,"https://www.google.com/maps/place/%E0%A6%9A%E0%A7%81%E0%A6%87%E0%A6%9D%E0%A6%BE%E0%A6%B2+%E0%A6%B0%E0%A7%87%E0%A6%B8%E0%A7%8D%E0%A6%9F%E0%A7%81%E0%A6%B0%E0%A7%87%E0%A6%A8%E0%A7%8D%E0%A6%9F/@22.7124396,90.3571605,17z/data=!3m1!4b1!4m6!3m5!1s0x37553555c2f1d2a9:0xb994e90cf050e9a!8m2!3d22.7124396!4d90.3571605!16s%2Fg%2F11sz9pvwpw?authuser=0&hl=en&entry=ttu",22.7124396,90.3571605,https://lh5.googleusercontent.com/p/AF1QipOiJqkk5ZJNdNalTHEwbvjT4kK42qawEaXK6Oc=w408-h544-k-no,3.8,12
RJ Thai & Chinese Restaurant,"Major M A Jalil Rd, Barishal 8200",Restaurant,01718-731114,tel:01718731114,"https://www.google.com/maps/place/RJ+Thai+%26+Chinese+Restaurant/@22.7014753,90.3636254,17z/data=!3m1!4b1!4m6!3m5!1s0x37553546bb1cda4b:0x69f9ded4e008beed!8m2!3d22.7014753!4d90.3636254!16s%2Fg%2F11s5pb82mk?authuser=0&hl=en&entry=ttu",22.7014753,90.3636254,https://streetviewpixels-pa.googleapis.com/v1/thumbnail?panoid=YiybzeToJz2IPJVl7bJmUg&cb_client=search.gws-prod.gps&w=408&h=240&yaw=342.57666&pitch=0&thumbfov=100, , 
River Sight,"Taltoli Bridge, Barishal",Restaurant,01712-641696,https://www.facebook.com/SweetBoyRomjan?mibextid=ZbWKwL,"https://www.google.com/maps/place/River+Sight/@22.7403963,90.3777597,17z/data=!3m1!4b1!4m6!3m5!1s0x37553120d376c167:0xf8683e3d466ac7e5!8m2!3d22.7403963!4d90.3777597!16s%2Fg%2F11k4b8js6y?authuser=0&hl=en&entry=ttu",22.7403963,90.3777597,https://lh5.googleusercontent.com/p/AF1QipPuZc68qU4fiGkRgl7NYy9ps4hgweDorx1qnsIp=w418-h240-k-no,4.1,8
Food Glory Restaurant,"P938+V84, Bogra Rd, Barishal",Restaurant,01845-132007,tel:01845132007,https://www.google.com/maps/place/Food+Glory+Restaurant/data=!4m7!3m6!1s0x375535d73ceb4647:0x2b4c0a22a3201fb9!8m2!3d22.7046333!4d90.3658329!16s%2Fg%2F11l3m2dv62!19sChIJR0brPNc1VTcRuR8goyIKTCs?authuser=0&hl=en&rclk=1, , ,https://lh5.googleusercontent.com/p/AF1QipOWreDDMwHAUtxPZOuYvc3RnOySCGoFoNHFrQs=w408-h280-k-no,4.5,11
